{
    "level-1": [
        {
            "question": "What is the main alloying element in steel?",
            "correctAnswer": "Carbon",
            "allAnswers": ["Carbon", "Chromium", "Nickel", "Manganese"],
            "helps": {
                "hint": "It is an interstitial element in iron.",
                "remove2answers": ["Chromium", "Nickel"],
                "correctAnswer": "Carbon"
            },
            "category": "Composition"
        },
        {
            "question": "What is the maximum carbon content in steel?",
            "correctAnswer": "2%",
            "allAnswers": ["2%", "4.3%", "6.67%", "1%"],
            "helps": {
                "hint": "It is less than in cast iron.",
                "remove2answers": ["4.3%", "6.67%"],
                "correctAnswer": "2%"
            },
            "category": "Carbon Content"
        },
        {
            "question": "What is the chemical formula of cementite?",
            "correctAnswer": "Fe3C",
            "allAnswers": ["Fe3C", "FeC", "Fe", "C"],
            "helps": {
                "hint": "Also called iron carbide.",
                "remove2answers": ["FeC", "C"],
                "correctAnswer": "Fe3C"
            },
            "category": "Phases"
        },
        {
            "question": "Which phase of iron has a BCC structure at room temperature?",
            "correctAnswer": "Ferrite",
            "allAnswers": ["Ferrite", "Austenite", "Cementite", "Pearlite"],
            "helps": {
                "hint": "Also called alpha iron.",
                "remove2answers": ["Austenite", "Cementite"],
                "correctAnswer": "Ferrite"
            },
            "category": "Phases"
        },
        {
            "question": "What is the maximum carbon solubility in ferrite?",
            "correctAnswer": "0.03 wt%",
            "allAnswers": ["0.03 wt%", "0.8 wt%", "1.7 wt%", "2.11 wt%"],
            "helps": {
                "hint": "Much lower than in austenite.",
                "remove2answers": ["1.7 wt%", "2.11 wt%"],
                "correctAnswer": "0.03 wt%"
            },
            "category": "Carbon Solubility"
        },
        {
            "question": "Which phase of iron is nonmagnetic?",
            "correctAnswer": "Austenite",
            "allAnswers": ["Austenite", "Ferrite", "Cementite", "Pearlite"],
            "helps": {
                "hint": "Has FCC structure.",
                "remove2answers": ["Ferrite", "Cementite"],
                "correctAnswer": "Austenite"
            },
            "category": "Properties"
        },
        {
            "question": "What is pearlite made of?",
            "correctAnswer": "Ferrite and Cementite",
            "allAnswers": ["Ferrite and Cementite", "Ferrite and Austenite", "Austenite and Cementite", "Only Ferrite"],
            "helps": {
                "hint": "It is a lamellar structure.",
                "remove2answers": ["Ferrite and Austenite", "Only Ferrite"],
                "correctAnswer": "Ferrite and Cementite"
            },
            "category": "Phases"
        },
        {
            "question": "Which type of carbon steel contains less than 0.25% carbon?",
            "correctAnswer": "Low Carbon Steel",
            "allAnswers": ["Low Carbon Steel", "Medium Carbon Steel", "High Carbon Steel", "Cast Iron"],
            "helps": {
                "hint": "Also called mild steel.",
                "remove2answers": ["Medium Carbon Steel", "High Carbon Steel"],
                "correctAnswer": "Low Carbon Steel"
            },
            "category": "Types"
        },
        {
            "question": "Which carbon steel type is used for springs and cutting tools?",
            "correctAnswer": "High Carbon Steel",
            "allAnswers": ["High Carbon Steel", "Medium Carbon Steel", "Low Carbon Steel", "Cast Iron"],
            "helps": {
                "hint": "It has the highest hardness.",
                "remove2answers": ["Low Carbon Steel", "Cast Iron"],
                "correctAnswer": "High Carbon Steel"
            },
            "category": "Applications"
        },
        {
            "question": "What is the carbon range for medium carbon steel?",
            "correctAnswer": "0.25% - 0.6%",
            "allAnswers": ["0.25% - 0.6%", "0.55% - 1.4%", "Less than 0.25%", "More than 2%"],
            "helps": {
                "hint": "Between mild and high carbon steel.",
                "remove2answers": ["0.55% - 1.4%", "More than 2%"],
                "correctAnswer": "0.25% - 0.6%"
            },
            "category": "Carbon Content"
        },
        {
            "question": "Which impurity makes steel brittle?",
            "correctAnswer": "Phosphorus",
            "allAnswers": ["Phosphorus", "Sulphur", "Manganese", "Silicon"],
            "helps": {
                "hint": "Raises yield point but reduces toughness.",
                "remove2answers": ["Sulphur", "Silicon"],
                "correctAnswer": "Phosphorus"
            },
            "category": "Impurities"
        },
        {
            "question": "What is the melting point of pure iron?",
            "correctAnswer": "1535°C",
            "allAnswers": ["1535°C", "910°C", "1148°C", "723°C"],
            "helps": {
                "hint": "Highest temperature in the phase diagram.",
                "remove2answers": ["1148°C", "723°C"],
                "correctAnswer": "1535°C"
            },
            "category": "Properties"
        },
        {
            "question": "Which steel designation series represents plain carbon steel?",
            "correctAnswer": "10xx",
            "allAnswers": ["10xx", "20xx", "40xx", "50xx"],
            "helps": {
                "hint": "First digit 1, second digit 0.",
                "remove2answers": ["20xx", "40xx"],
                "correctAnswer": "10xx"
            },
            "category": "Classification"
        },
        {
            "question": "Which impurity improves machinability in steel?",
            "correctAnswer": "Sulphur",
            "allAnswers": ["Sulphur", "Phosphorus", "Manganese", "Silicon"],
            "helps": {
                "hint": "Forms manganese sulphide.",
                "remove2answers": ["Phosphorus", "Silicon"],
                "correctAnswer": "Sulphur"
            },
            "category": "Impurities"
        },
        {
            "question": "Which phase is magnetic below 210°C?",
            "correctAnswer": "Cementite",
            "allAnswers": ["Cementite", "Austenite", "Pearlite", "Ferrite"],
            "helps": {
                "hint": "Very hard and brittle.",
                "remove2answers": ["Austenite", "Pearlite"],
                "correctAnswer": "Cementite"
            },
            "category": "Properties"
        }
    ],
    "level-2": [
        {
            "question": "What is the maximum carbon content in cast iron?",
            "correctAnswer": "6.67%",
            "allAnswers": ["6.67%", "4.3%", "2%", "1.7%"],
            "helps": {
                "hint": "It is higher than in steel.",
                "remove2answers": ["2%", "1.7%"],
                "correctAnswer": "6.67%"
            },
            "category": "Carbon Content"
        },
        {
            "question": "Which phase of iron is stable only at high temperatures and has no technological importance?",
            "correctAnswer": "Delta Ferrite",
            "allAnswers": ["Delta Ferrite", "Gamma Austenite", "Alpha Ferrite", "Cementite"],
            "helps": {
                "hint": "It is BCC and exists near the melting point.",
                "remove2answers": ["Gamma Austenite", "Cementite"],
                "correctAnswer": "Delta Ferrite"
            },
            "category": "Phases"
        },
        {
            "question": "What is the maximum carbon solubility in austenite?",
            "correctAnswer": "2.11%",
            "allAnswers": ["2.11%", "0.03%", "0.8%", "6.7%"],
            "helps": {
                "hint": "It is much higher than in ferrite.",
                "remove2answers": ["0.03%", "6.7%"],
                "correctAnswer": "2.11%"
            },
            "category": "Carbon Solubility"
        },
        {
            "question": "Which type of carbon steel is the hardest and least ductile?",
            "correctAnswer": "High Carbon Steel",
            "allAnswers": ["High Carbon Steel", "Medium Carbon Steel", "Low Carbon Steel", "Cast Iron"],
            "helps": {
                "hint": "It is used for tools and springs.",
                "remove2answers": ["Low Carbon Steel", "Cast Iron"],
                "correctAnswer": "High Carbon Steel"
            },
            "category": "Properties"
        },
        {
            "question": "Which type of carbon steel is used for automobile frames?",
            "correctAnswer": "Low Carbon Steel",
            "allAnswers": ["Low Carbon Steel", "Medium Carbon Steel", "High Carbon Steel", "Cast Iron"],
            "helps": {
                "hint": "It is soft and easy to form.",
                "remove2answers": ["Medium Carbon Steel", "High Carbon Steel"],
                "correctAnswer": "Low Carbon Steel"
            },
            "category": "Applications"
        },
        {
            "question": "What is the carbon range for high carbon steel?",
            "correctAnswer": "0.55% - 1.4%",
            "allAnswers": ["0.55% - 1.4%", "0.25% - 0.6%", "Less than 0.25%", "More than 2%"],
            "helps": {
                "hint": "It is higher than medium carbon steel.",
                "remove2answers": ["0.25% - 0.6%", "Less than 0.25%"],
                "correctAnswer": "0.55% - 1.4%"
            },
            "category": "Carbon Content"
        },
        {
            "question": "Which phase is formed when austenite decomposes in the eutectoid reaction?",
            "correctAnswer": "Pearlite",
            "allAnswers": ["Pearlite", "Ferrite", "Cementite", "Delta Ferrite"],
            "helps": {
                "hint": "It is a mixture of ferrite and cementite.",
                "remove2answers": ["Ferrite", "Delta Ferrite"],
                "correctAnswer": "Pearlite"
            },
            "category": "Phases"
        },
        {
            "question": "Which impurity improves steel's toughness and hardness?",
            "correctAnswer": "Silicon",
            "allAnswers": ["Silicon", "Sulphur", "Manganese", "Phosphorus"],
            "helps": {
                "hint": "Also helps remove gases and oxides.",
                "remove2answers": ["Sulphur", "Phosphorus"],
                "correctAnswer": "Silicon"
            },
            "category": "Impurities"
        },
        {
            "question": "Which element combines with sulphur to reduce its harmful effect?",
            "correctAnswer": "Manganese",
            "allAnswers": ["Manganese", "Silicon", "Phosphorus", "Carbon"],
            "helps": {
                "hint": "Also improves toughness and hardenability.",
                "remove2answers": ["Silicon", "Phosphorus"],
                "correctAnswer": "Manganese"
            },
            "category": "Impurities"
        },
        {
            "question": "Which phase has the highest hardness?",
            "correctAnswer": "Cementite",
            "allAnswers": ["Cementite", "Ferrite", "Austenite", "Pearlite"],
            "helps": {
                "hint": "It is also the most brittle.",
                "remove2answers": ["Ferrite", "Pearlite"],
                "correctAnswer": "Cementite"
            },
            "category": "Properties"
        },
        {
            "question": "What is the density of ferrite?",
            "correctAnswer": "7.88 g/cm³",
            "allAnswers": ["7.88 g/cm³", "6.67 g/cm³", "8.5 g/cm³", "7.5 g/cm³"],
            "helps": {
                "hint": "Less than 8 g/cm³.",
                "remove2answers": ["6.67 g/cm³", "8.5 g/cm³"],
                "correctAnswer": "7.88 g/cm³"
            },
            "category": "Properties"
        },
        {
            "question": "What is the eutectoid carbon content in steel?",
            "correctAnswer": "0.83%",
            "allAnswers": ["0.83%", "2%", "4.3%", "0.25%"],
            "helps": {
                "hint": "It occurs at 723°C.",
                "remove2answers": ["4.3%", "0.25%"],
                "correctAnswer": "0.83%"
            },
            "category": "Carbon Content"
        },
        {
            "question": "Which steel is easiest to weld?",
            "correctAnswer": "Low Carbon Steel",
            "allAnswers": ["Low Carbon Steel", "Medium Carbon Steel", "High Carbon Steel", "Cast Iron"],
            "helps": {
                "hint": "Also the most ductile type.",
                "remove2answers": ["High Carbon Steel", "Cast Iron"],
                "correctAnswer": "Low Carbon Steel"
            },
            "category": "Properties"
        },
        {
            "question": "Which impurity increases resistance to atmospheric corrosion?",
            "correctAnswer": "Phosphorus",
            "allAnswers": ["Phosphorus", "Silicon", "Manganese", "Sulphur"],
            "helps": {
                "hint": "But it also makes steel brittle.",
                "remove2answers": ["Silicon", "Manganese"],
                "correctAnswer": "Phosphorus"
            },
            "category": "Impurities"
        },
        {
            "question": "Which phase has the highest carbon content?",
            "correctAnswer": "Cementite",
            "allAnswers": ["Cementite", "Pearlite", "Austenite", "Ferrite"],
            "helps": {
                "hint": "Also called iron carbide.",
                "remove2answers": ["Austenite", "Ferrite"],
                "correctAnswer": "Cementite"
            },
            "category": "Phases"
        }
    ],
    "level-3": [
        {
            "question": "What is the main crystal structure of ferrite?",
            "correctAnswer": "BCC",
            "allAnswers": ["BCC", "FCC", "HCP", "None"],
            "helps": {
                "hint": "It is a body-centered cubic structure.",
                "remove2answers": ["FCC", "HCP"],
                "correctAnswer": "BCC"
            },
            "category": "Crystal Structure"
        },
        {
            "question": "What is the main crystal structure of austenite?",
            "correctAnswer": "FCC",
            "allAnswers": ["FCC", "BCC", "HCP", "None"],
            "helps": {
                "hint": "It is a face-centered cubic structure.",
                "remove2answers": ["BCC", "HCP"],
                "correctAnswer": "FCC"
            },
            "category": "Crystal Structure"
        },
        {
            "question": "At what temperature does austenite start to form from ferrite?",
            "correctAnswer": "910°C",
            "allAnswers": ["910°C", "723°C", "1148°C", "1535°C"],
            "helps": {
                "hint": "It is before the melting point.",
                "remove2answers": ["723°C", "1535°C"],
                "correctAnswer": "910°C"
            },
            "category": "Phase Transformation"
        },
        {
            "question": "What is the eutectic carbon content in the iron-carbon diagram?",
            "correctAnswer": "4.3%",
            "allAnswers": ["4.3%", "0.83%", "2%", "6.7%"],
            "helps": {
                "hint": "Occurs with liquid to solid transformation.",
                "remove2answers": ["0.83%", "2%"],
                "correctAnswer": "4.3%"
            },
            "category": "Carbon Content"
        },
        {
            "question": "Which phase is soft, ductile, and highly magnetic?",
            "correctAnswer": "Ferrite",
            "allAnswers": ["Ferrite", "Austenite", "Cementite", "Pearlite"],
            "helps": {
                "hint": "Also called alpha iron.",
                "remove2answers": ["Austenite", "Cementite"],
                "correctAnswer": "Ferrite"
            },
            "category": "Properties"
        },
        {
            "question": "Which steel type is used for railway wheels and tracks?",
            "correctAnswer": "Medium Carbon Steel",
            "allAnswers": ["Medium Carbon Steel", "Low Carbon Steel", "High Carbon Steel", "Cast Iron"],
            "helps": {
                "hint": "It is stronger than low carbon steel but less ductile.",
                "remove2answers": ["Low Carbon Steel", "Cast Iron"],
                "correctAnswer": "Medium Carbon Steel"
            },
            "category": "Applications"
        },
        {
            "question": "Which steel type is used for cutting tools and dies?",
            "correctAnswer": "High Carbon Steel",
            "allAnswers": ["High Carbon Steel", "Medium Carbon Steel", "Low Carbon Steel", "Cast Iron"],
            "helps": {
                "hint": "Has highest hardness.",
                "remove2answers": ["Low Carbon Steel", "Cast Iron"],
                "correctAnswer": "High Carbon Steel"
            },
            "category": "Applications"
        },
        {
            "question": "What is the carbon content range for cast iron?",
            "correctAnswer": "1.7% - 6.67%",
            "allAnswers": ["1.7% - 6.67%", "0.25% - 0.6%", "Less than 0.25%", "0.55% - 1.4%"],
            "helps": {
                "hint": "Higher than steel.",
                "remove2answers": ["0.25% - 0.6%", "Less than 0.25%"],
                "correctAnswer": "1.7% - 6.67%"
            },
            "category": "Carbon Content"
        },
        {
            "question": "Which impurity is added to improve machinability only?",
            "correctAnswer": "Sulphur",
            "allAnswers": ["Sulphur", "Phosphorus", "Manganese", "Silicon"],
            "helps": {
                "hint": "It forms manganese sulphide.",
                "remove2answers": ["Phosphorus", "Silicon"],
                "correctAnswer": "Sulphur"
            },
            "category": "Impurities"
        },
        {
            "question": "Which phase is produced by the eutectoid reaction at 723°C?",
            "correctAnswer": "Pearlite",
            "allAnswers": ["Pearlite", "Ferrite", "Cementite", "Delta Ferrite"],
            "helps": {
                "hint": "Made of ferrite and cementite.",
                "remove2answers": ["Ferrite", "Delta Ferrite"],
                "correctAnswer": "Pearlite"
            },
            "category": "Phases"
        },
        {
            "question": "Which steel type has the lowest hardness?",
            "correctAnswer": "Low Carbon Steel",
            "allAnswers": ["Low Carbon Steel", "Medium Carbon Steel", "High Carbon Steel", "Cast Iron"],
            "helps": {
                "hint": "It is also the most ductile.",
                "remove2answers": ["High Carbon Steel", "Cast Iron"],
                "correctAnswer": "Low Carbon Steel"
            },
            "category": "Properties"
        },
        {
            "question": "What is the maximum carbon solubility in delta ferrite?",
            "correctAnswer": "0.09%",
            "allAnswers": ["0.09%", "0.03%", "0.8%", "2.11%"],
            "helps": {
                "hint": "It exists at high temperature.",
                "remove2answers": ["0.03%", "2.11%"],
                "correctAnswer": "0.09%"
            },
            "category": "Carbon Solubility"
        },
        {
            "question": "Which phase is magnetic below the Curie temperature of 769°C?",
            "correctAnswer": "Ferrite",
            "allAnswers": ["Ferrite", "Austenite", "Cementite", "Pearlite"],
            "helps": {
                "hint": "Soft and ductile.",
                "remove2answers": ["Austenite", "Cementite"],
                "correctAnswer": "Ferrite"
            },
            "category": "Properties"
        },
        {
            "question": "Which steel series includes resulphurized carbon steels?",
            "correctAnswer": "11xx",
            "allAnswers": ["11xx", "10xx", "12xx", "20xx"],
            "helps": {
                "hint": "It is one step above 10xx series.",
                "remove2answers": ["10xx", "20xx"],
                "correctAnswer": "11xx"
            },
            "category": "Classification"
        },
        {
            "question": "Which impurity raises the yield point but reduces toughness?",
            "correctAnswer": "Phosphorus",
            "allAnswers": ["Phosphorus", "Sulphur", "Manganese", "Silicon"],
            "helps": {
                "hint": "Also improves corrosion resistance.",
                "remove2answers": ["Sulphur", "Manganese"],
                "correctAnswer": "Phosphorus"
            },
            "category": "Impurities"
        }
    ],
    "level-4": [
        {
            "question": "Which element is added to steel to act as a deoxidizer?",
            "correctAnswer": "Manganese",
            "allAnswers": ["Manganese", "Phosphorus", "Sulphur", "Carbon"],
            "helps": {
                "hint": "It also improves toughness.",
                "remove2answers": ["Phosphorus", "Sulphur"],
                "correctAnswer": "Manganese"
            },
            "category": "Impurities"
        },
        {
            "question": "What is the crystal structure of delta ferrite?",
            "correctAnswer": "BCC",
            "allAnswers": ["BCC", "FCC", "HCP", "None"],
            "helps": {
                "hint": "Same as alpha ferrite.",
                "remove2answers": ["FCC", "HCP"],
                "correctAnswer": "BCC"
            },
            "category": "Crystal Structure"
        },
        {
            "question": "Which phase exists between 910°C and 1390°C in pure iron?",
            "correctAnswer": "Austenite",
            "allAnswers": ["Austenite", "Ferrite", "Cementite", "Delta Ferrite"],
            "helps": {
                "hint": "Has FCC structure.",
                "remove2answers": ["Ferrite", "Cementite"],
                "correctAnswer": "Austenite"
            },
            "category": "Phases"
        },
        {
            "question": "Which steel type is used for crankshafts and gears?",
            "correctAnswer": "Medium Carbon Steel",
            "allAnswers": ["Medium Carbon Steel", "Low Carbon Steel", "High Carbon Steel", "Cast Iron"],
            "helps": {
                "hint": "Stronger than low carbon steel.",
                "remove2answers": ["Low Carbon Steel", "Cast Iron"],
                "correctAnswer": "Medium Carbon Steel"
            },
            "category": "Applications"
        },
        {
            "question": "What is the maximum carbon solubility in alpha ferrite?",
            "correctAnswer": "0.03%",
            "allAnswers": ["0.03%", "0.09%", "0.8%", "2.11%"],
            "helps": {
                "hint": "It is very low.",
                "remove2answers": ["0.8%", "2.11%"],
                "correctAnswer": "0.03%"
            },
            "category": "Carbon Solubility"
        },
        {
            "question": "Which phase contains 6.7% carbon?",
            "correctAnswer": "Cementite",
            "allAnswers": ["Cementite", "Ferrite", "Austenite", "Pearlite"],
            "helps": {
                "hint": "Also called iron carbide.",
                "remove2answers": ["Ferrite", "Pearlite"],
                "correctAnswer": "Cementite"
            },
            "category": "Phases"
        },
        {
            "question": "Which steel type is most wear-resistant?",
            "correctAnswer": "High Carbon Steel",
            "allAnswers": ["High Carbon Steel", "Medium Carbon Steel", "Low Carbon Steel", "Cast Iron"],
            "helps": {
                "hint": "It is hardened and tempered.",
                "remove2answers": ["Low Carbon Steel", "Cast Iron"],
                "correctAnswer": "High Carbon Steel"
            },
            "category": "Properties"
        },
        {
            "question": "Which element is added to prevent steel from becoming porous?",
            "correctAnswer": "Silicon",
            "allAnswers": ["Silicon", "Sulphur", "Manganese", "Phosphorus"],
            "helps": {
                "hint": "Also makes steel tougher.",
                "remove2answers": ["Sulphur", "Phosphorus"],
                "correctAnswer": "Silicon"
            },
            "category": "Impurities"
        },
        {
            "question": "What is the carbon content of eutectoid steel?",
            "correctAnswer": "0.83%",
            "allAnswers": ["0.83%", "0.25%", "2%", "4.3%"],
            "helps": {
                "hint": "Occurs at 723°C.",
                "remove2answers": ["0.25%", "4.3%"],
                "correctAnswer": "0.83%"
            },
            "category": "Carbon Content"
        },
        {
            "question": "Which phase is soft, ductile, and used in low-carbon steels?",
            "correctAnswer": "Ferrite",
            "allAnswers": ["Ferrite", "Austenite", "Cementite", "Pearlite"],
            "helps": {
                "hint": "Also called alpha iron.",
                "remove2answers": ["Austenite", "Cementite"],
                "correctAnswer": "Ferrite"
            },
            "category": "Properties"
        },
        {
            "question": "Which steel type is cheapest to produce?",
            "correctAnswer": "Low Carbon Steel",
            "allAnswers": ["Low Carbon Steel", "Medium Carbon Steel", "High Carbon Steel", "Cast Iron"],
            "helps": {
                "hint": "Used for mass production items.",
                "remove2answers": ["High Carbon Steel", "Cast Iron"],
                "correctAnswer": "Low Carbon Steel"
            },
            "category": "Properties"
        },
        {
            "question": "Which phase is stable only at high temperatures in pure iron?",
            "correctAnswer": "Delta Ferrite",
            "allAnswers": ["Delta Ferrite", "Gamma Austenite", "Alpha Ferrite", "Cementite"],
            "helps": {
                "hint": "It is BCC.",
                "remove2answers": ["Alpha Ferrite", "Cementite"],
                "correctAnswer": "Delta Ferrite"
            },
            "category": "Phases"
        },
        {
            "question": "What is the main advantage of pearlite?",
            "correctAnswer": "Good mechanical properties",
            "allAnswers": ["Good mechanical properties", "High carbon content", "Nonmagnetic", "Very soft"],
            "helps": {
                "hint": "It is a mix of ferrite and cementite.",
                "remove2answers": ["High carbon content", "Very soft"],
                "correctAnswer": "Good mechanical properties"
            },
            "category": "Properties"
        },
        {
            "question": "Which steel type is used for screws, nuts, and bolts?",
            "correctAnswer": "Low Carbon Steel",
            "allAnswers": ["Low Carbon Steel", "Medium Carbon Steel", "High Carbon Steel", "Cast Iron"],
            "helps": {
                "hint": "Also called mild steel.",
                "remove2answers": ["Medium Carbon Steel", "Cast Iron"],
                "correctAnswer": "Low Carbon Steel"
            },
            "category": "Applications"
        },
        {
            "question": "Which element improves steel's yield strength and hardenability?",
            "correctAnswer": "Manganese",
            "allAnswers": ["Manganese", "Phosphorus", "Silicon", "Sulphur"],
            "helps": {
                "hint": "Also purifies steel.",
                "remove2answers": ["Phosphorus", "Sulphur"],
                "correctAnswer": "Manganese"
            },
            "category": "Impurities"
        }
    ],
    "level-5": [
        {
            "question": "Which type of steel is most commonly used in construction?",
            "correctAnswer": "Low Carbon Steel",
            "allAnswers": ["Low Carbon Steel", "Medium Carbon Steel", "High Carbon Steel", "Cast Iron"],
            "helps": {
                "hint": "It is also called mild steel.",
                "remove2answers": ["Medium Carbon Steel", "Cast Iron"],
                "correctAnswer": "Low Carbon Steel"
            },
            "category": "Applications"
        },
        {
            "question": "Which phase is hardest in plain carbon steel?",
            "correctAnswer": "Cementite",
            "allAnswers": ["Cementite", "Ferrite", "Austenite", "Pearlite"],
            "helps": {
                "hint": "It contains 6.7% carbon.",
                "remove2answers": ["Ferrite", "Pearlite"],
                "correctAnswer": "Cementite"
            },
            "category": "Properties"
        },
        {
            "question": "What is the eutectoid temperature in the iron-carbon diagram?",
            "correctAnswer": "723°C",
            "allAnswers": ["723°C", "910°C", "1390°C", "1538°C"],
            "helps": {
                "hint": "Below this, pearlite forms.",
                "remove2answers": ["910°C", "1390°C"],
                "correctAnswer": "723°C"
            },
            "category": "Phase Diagram"
        },
        {
            "question": "Which element is added to steel to increase corrosion resistance?",
            "correctAnswer": "Phosphorus",
            "allAnswers": ["Phosphorus", "Sulphur", "Manganese", "Carbon"],
            "helps": {
                "hint": "Too much makes steel brittle.",
                "remove2answers": ["Sulphur", "Carbon"],
                "correctAnswer": "Phosphorus"
            },
            "category": "Impurities"
        },
        {
            "question": "Which phase has a lamellar structure of ferrite and cementite?",
            "correctAnswer": "Pearlite",
            "allAnswers": ["Pearlite", "Ferrite", "Cementite", "Austenite"],
            "helps": {
                "hint": "It forms at eutectoid composition.",
                "remove2answers": ["Ferrite", "Austenite"],
                "correctAnswer": "Pearlite"
            },
            "category": "Phases"
        },
        {
            "question": "Which steel type contains 0.25%–0.6% carbon?",
            "correctAnswer": "Medium Carbon Steel",
            "allAnswers": ["Medium Carbon Steel", "Low Carbon Steel", "High Carbon Steel", "Cast Iron"],
            "helps": {
                "hint": "Used for rails and axles.",
                "remove2answers": ["Low Carbon Steel", "Cast Iron"],
                "correctAnswer": "Medium Carbon Steel"
            },
            "category": "Carbon Content"
        },
        {
            "question": "Which phase exists only above 1390°C in pure iron?",
            "correctAnswer": "Delta Ferrite",
            "allAnswers": ["Delta Ferrite", "Austenite", "Ferrite", "Cementite"],
            "helps": {
                "hint": "It has BCC structure.",
                "remove2answers": ["Ferrite", "Cementite"],
                "correctAnswer": "Delta Ferrite"
            },
            "category": "Phases"
        },
        {
            "question": "Which element causes hot shortness in steel?",
            "correctAnswer": "Sulphur",
            "allAnswers": ["Sulphur", "Phosphorus", "Manganese", "Silicon"],
            "helps": {
                "hint": "Manganese is added to reduce its effect.",
                "remove2answers": ["Phosphorus", "Silicon"],
                "correctAnswer": "Sulphur"
            },
            "category": "Impurities"
        },
        {
            "question": "Which steel type is used for cutting tools?",
            "correctAnswer": "High Carbon Steel",
            "allAnswers": ["High Carbon Steel", "Medium Carbon Steel", "Low Carbon Steel", "Cast Iron"],
            "helps": {
                "hint": "It is very hard after heat treatment.",
                "remove2answers": ["Low Carbon Steel", "Cast Iron"],
                "correctAnswer": "High Carbon Steel"
            },
            "category": "Applications"
        },
        {
            "question": "Which phase is non-magnetic at room temperature?",
            "correctAnswer": "Austenite",
            "allAnswers": ["Austenite", "Ferrite", "Cementite", "Pearlite"],
            "helps": {
                "hint": "It is stable at high temperatures.",
                "remove2answers": ["Ferrite", "Cementite"],
                "correctAnswer": "Austenite"
            },
            "category": "Properties"
        },
        {
            "question": "What is the melting point of pure iron?",
            "correctAnswer": "1538°C",
            "allAnswers": ["1538°C", "1390°C", "910°C", "723°C"],
            "helps": {
                "hint": "It is above all transformation temperatures.",
                "remove2answers": ["1390°C", "910°C"],
                "correctAnswer": "1538°C"
            },
            "category": "Physical Properties"
        },
        {
            "question": "Which phase is soft and ductile and has very low carbon solubility?",
            "correctAnswer": "Ferrite",
            "allAnswers": ["Ferrite", "Austenite", "Cementite", "Pearlite"],
            "helps": {
                "hint": "Also called alpha iron.",
                "remove2answers": ["Austenite", "Cementite"],
                "correctAnswer": "Ferrite"
            },
            "category": "Properties"
        },
        {
            "question": "Which steel type is used for railway tracks?",
            "correctAnswer": "Medium Carbon Steel",
            "allAnswers": ["Medium Carbon Steel", "Low Carbon Steel", "High Carbon Steel", "Cast Iron"],
            "helps": {
                "hint": "It balances strength and toughness.",
                "remove2answers": ["Low Carbon Steel", "Cast Iron"],
                "correctAnswer": "Medium Carbon Steel"
            },
            "category": "Applications"
        },
        {
            "question": "Which phase forms when austenite cools below 723°C at eutectoid composition?",
            "correctAnswer": "Pearlite",
            "allAnswers": ["Pearlite", "Ferrite", "Cementite", "Delta Ferrite"],
            "helps": {
                "hint": "It is a mixture of two phases.",
                "remove2answers": ["Ferrite", "Delta Ferrite"],
                "correctAnswer": "Pearlite"
            },
            "category": "Phases"
        },
        {
            "question": "Which element improves toughness and acts as a deoxidizer?",
            "correctAnswer": "Manganese",
            "allAnswers": ["Manganese", "Phosphorus", "Sulphur", "Silicon"],
            "helps": {
                "hint": "It is one of the most common alloying elements in steel.",
                "remove2answers": ["Phosphorus", "Sulphur"],
                "correctAnswer": "Manganese"
            },
            "category": "Impurities"
        }
    ]
}