{
    "level-1": [
        {
            "question": "ما هو العنصر الأساسي المضاف إلى الفولاذ؟",
            "correctAnswer": "الكربون",
            "allAnswers": ["الكربون", "الكروم", "النيكل", "المنغنيز"],
            "helps": {
                "hint": "عنصر يتواجد بين ذرات الحديد.",
                "remove2answers": ["الكروم", "النيكل"],
                "correctAnswer": "الكربون"
            },
            "category": "التركيب"
        },
        {
            "question": "ما هي النسبة القصوى للكربون في الفولاذ؟",
            "correctAnswer": "2%",
            "allAnswers": ["2%", "4.3%", "6.67%", "1%"],
            "helps": {
                "hint": "أقل من نسبته في الحديد الزهر.",
                "remove2answers": ["4.3%", "6.67%"],
                "correctAnswer": "2%"
            },
            "category": "محتوى الكربون"
        },
        {
            "question": "ما هو الرمز الكيميائي للسمنتيت؟",
            "correctAnswer": "Fe3C",
            "allAnswers": ["Fe3C", "FeC", "Fe", "C"],
            "helps": {
                "hint": "يعرف أيضًا بكربيد الحديد.",
                "remove2answers": ["FeC", "C"],
                "correctAnswer": "Fe3C"
            },
            "category": "الأطوار"
        },
        {
            "question": "أي طور من الحديد له تركيب BCC عند درجة حرارة الغرفة؟",
            "correctAnswer": "الفيريت",
            "allAnswers": ["الفيريت", "الأوستنيت", "السمنتيت", "البيرلايت"],
            "helps": {
                "hint": "يعرف أيضًا بالحديد ألفا.",
                "remove2answers": ["الأوستنيت", "السمنتيت"],
                "correctAnswer": "الفيريت"
            },
            "category": "الأطوار"
        },
        {
            "question": "ما هي أقصى نسبة ذوبان للكربون في الفيريت؟",
            "correctAnswer": "0.03%",
            "allAnswers": ["0.03%", "0.8%", "1.7%", "2.11%"],
            "helps": {
                "hint": "أقل بكثير من الأوستنيت.",
                "remove2answers": ["1.7%", "2.11%"],
                "correctAnswer": "0.03%"
            },
            "category": "ذوبان الكربون"
        },
        {
            "question": "أي طور من الحديد غير مغناطيسي؟",
            "correctAnswer": "الأوستنيت",
            "allAnswers": ["الأوستنيت", "الفيريت", "السمنتيت", "البيرلايت"],
            "helps": {
                "hint": "له تركيب FCC.",
                "remove2answers": ["الفيريت", "السمنتيت"],
                "correctAnswer": "الأوستنيت"
            },
            "category": "الخصائص"
        },
        {
            "question": "مم يتكون البيرلايت؟",
            "correctAnswer": "فيريت وسمنتيت",
            "allAnswers": ["فيريت وسمنتيت", "فيريت وأوستنيت", "أوستنيت وسمنتيت", "فيريت فقط"],
            "helps": {
                "hint": "تركيب طبقي من طورين.",
                "remove2answers": ["فيريت وأوستنيت", "فيريت فقط"],
                "correctAnswer": "فيريت وسمنتيت"
            },
            "category": "الأطوار"
        },
        {
            "question": "أي نوع من الفولاذ يحتوي أقل من 0.25% كربون؟",
            "correctAnswer": "فولاذ منخفض الكربون",
            "allAnswers": ["فولاذ منخفض الكربون", "فولاذ متوسط الكربون", "فولاذ عالي الكربون", "حديد زهر"],
            "helps": {
                "hint": "يعرف أيضًا بالفولاذ الطري.",
                "remove2answers": ["فولاذ متوسط الكربون", "فولاذ عالي الكربون"],
                "correctAnswer": "فولاذ منخفض الكربون"
            },
            "category": "الأنواع"
        },
        {
            "question": "أي نوع من الفولاذ يستخدم للزنبركات وأدوات القطع؟",
            "correctAnswer": "فولاذ عالي الكربون",
            "allAnswers": ["فولاذ عالي الكربون", "فولاذ متوسط الكربون", "فولاذ منخفض الكربون", "حديد زهر"],
            "helps": {
                "hint": "الأعلى صلابة.",
                "remove2answers": ["فولاذ منخفض الكربون", "حديد زهر"],
                "correctAnswer": "فولاذ عالي الكربون"
            },
            "category": "الاستخدامات"
        },
        {
            "question": "ما هي نسبة الكربون في الفولاذ متوسط الكربون؟",
            "correctAnswer": "0.25% - 0.6%",
            "allAnswers": ["0.25% - 0.6%", "0.55% - 1.4%", "أقل من 0.25%", "أكثر من 2%"],
            "helps": {
                "hint": "بين الفولاذ الطري والعالي الكربون.",
                "remove2answers": ["0.55% - 1.4%", "أكثر من 2%"],
                "correctAnswer": "0.25% - 0.6%"
            },
            "category": "محتوى الكربون"
        },
        {
            "question": "أي شوائب تجعل الفولاذ هشًا؟",
            "correctAnswer": "الفسفور",
            "allAnswers": ["الفسفور", "الكبريت", "المنغنيز", "السيليكون"],
            "helps": {
                "hint": "يزيد نقطة الخضوع ويقلل المتانة.",
                "remove2answers": ["الكبريت", "السيليكون"],
                "correctAnswer": "الفسفور"
            },
            "category": "الشوائب"
        },
        {
            "question": "ما هي درجة انصهار الحديد النقي؟",
            "correctAnswer": "1535°C",
            "allAnswers": ["1535°C", "910°C", "1148°C", "723°C"],
            "helps": {
                "hint": "أعلى درجة في مخطط الأطوار.",
                "remove2answers": ["1148°C", "723°C"],
                "correctAnswer": "1535°C"
            },
            "category": "الخصائص"
        },
        {
            "question": "أي رمز تصنيفي يمثل الفولاذ الكربوني العادي؟",
            "correctAnswer": "10xx",
            "allAnswers": ["10xx", "20xx", "40xx", "50xx"],
            "helps": {
                "hint": "الرقم الأول 1 والثاني 0.",
                "remove2answers": ["20xx", "40xx"],
                "correctAnswer": "10xx"
            },
            "category": "التصنيف"
        },
        {
            "question": "أي شوائب تحسن قابلية التشغيل على الماكينات؟",
            "correctAnswer": "الكبريت",
            "allAnswers": ["الكبريت", "الفسفور", "المنغنيز", "السيليكون"],
            "helps": {
                "hint": "يتحد مع المنغنيز لتقليل الضرر.",
                "remove2answers": ["الفسفور", "السيليكون"],
                "correctAnswer": "الكبريت"
            },
            "category": "الشوائب"
        },
        {
            "question": "أي طور يكون مغناطيسيًا تحت 210°C؟",
            "correctAnswer": "السمنتيت",
            "allAnswers": ["السمنتيت", "الأوستنيت", "البيرلايت", "الفيريت"],
            "helps": {
                "hint": "صلب جدًا وهش.",
                "remove2answers": ["الأوستنيت", "البيرلايت"],
                "correctAnswer": "السمنتيت"
            },
            "category": "الخصائص"
        }
    ],
    "level-2": [
        {
            "question": "ما هي النسبة القصوى للكربون في الحديد الزهر؟",
            "correctAnswer": "6.67%",
            "allAnswers": ["6.67%", "4.3%", "2%", "1.7%"],
            "helps": {
                "hint": "أعلى من نسبته في الفولاذ.",
                "remove2answers": ["2%", "1.7%"],
                "correctAnswer": "6.67%"
            },
            "category": "محتوى الكربون"
        },
        {
            "question": "أي طور من الحديد يوجد فقط عند درجات حرارة عالية ولا يستخدم صناعيًا؟",
            "correctAnswer": "دلتا فيريت",
            "allAnswers": ["دلتا فيريت", "أوستنيت جاما", "فيريت ألفا", "سمنتيت"],
            "helps": {
                "hint": "له تركيب BCC ويظهر قرب درجة الانصهار.",
                "remove2answers": ["أوستنيت جاما", "سمنتيت"],
                "correctAnswer": "دلتا فيريت"
            },
            "category": "الأطوار"
        },
        {
            "question": "ما هي أقصى نسبة ذوبان للكربون في الأوستنيت؟",
            "correctAnswer": "2.11%",
            "allAnswers": ["2.11%", "0.03%", "0.8%", "6.7%"],
            "helps": {
                "hint": "أعلى بكثير من الفيريت.",
                "remove2answers": ["0.03%", "6.7%"],
                "correctAnswer": "2.11%"
            },
            "category": "ذوبان الكربون"
        },
        {
            "question": "أي نوع من الفولاذ الكربوني هو الأشد صلابة والأقل مطيلية؟",
            "correctAnswer": "فولاذ عالي الكربون",
            "allAnswers": ["فولاذ عالي الكربون", "فولاذ متوسط الكربون", "فولاذ منخفض الكربون", "حديد زهر"],
            "helps": {
                "hint": "يستخدم في الأدوات والزنبركات.",
                "remove2answers": ["فولاذ منخفض الكربون", "حديد زهر"],
                "correctAnswer": "فولاذ عالي الكربون"
            },
            "category": "الخصائص"
        },
        {
            "question": "أي نوع من الفولاذ يستخدم في هياكل السيارات؟",
            "correctAnswer": "فولاذ منخفض الكربون",
            "allAnswers": ["فولاذ منخفض الكربون", "فولاذ متوسط الكربون", "فولاذ عالي الكربون", "حديد زهر"],
            "helps": {
                "hint": "لين وسهل التشكيل.",
                "remove2answers": ["فولاذ متوسط الكربون", "فولاذ عالي الكربون"],
                "correctAnswer": "فولاذ منخفض الكربون"
            },
            "category": "الاستخدامات"
        },
        {
            "question": "ما هي نسبة الكربون في الفولاذ عالي الكربون؟",
            "correctAnswer": "0.55% - 1.4%",
            "allAnswers": ["0.55% - 1.4%", "0.25% - 0.6%", "أقل من 0.25%", "أكثر من 2%"],
            "helps": {
                "hint": "أعلى من الفولاذ المتوسط.",
                "remove2answers": ["0.25% - 0.6%", "أقل من 0.25%"],
                "correctAnswer": "0.55% - 1.4%"
            },
            "category": "محتوى الكربون"
        },
        {
            "question": "أي طور يتكون عند تحلل الأوستنيت في التفاعل اليوتكتويدي؟",
            "correctAnswer": "البيرلايت",
            "allAnswers": ["البيرلايت", "الفيريت", "السمنتيت", "دلتا فيريت"],
            "helps": {
                "hint": "خليط من الفيريت والسمنتيت.",
                "remove2answers": ["الفيريت", "دلتا فيريت"],
                "correctAnswer": "البيرلايت"
            },
            "category": "الأطوار"
        },
        {
            "question": "أي شوائب تحسن صلابة ومتانة الفولاذ؟",
            "correctAnswer": "السيليكون",
            "allAnswers": ["السيليكون", "الكبريت", "المنغنيز", "الفسفور"],
            "helps": {
                "hint": "يساعد أيضًا على إزالة الغازات والأكاسيد.",
                "remove2answers": ["الكبريت", "الفسفور"],
                "correctAnswer": "السيليكون"
            },
            "category": "الشوائب"
        },
        {
            "question": "أي عنصر يتحد مع الكبريت ليقلل ضرره؟",
            "correctAnswer": "المنغنيز",
            "allAnswers": ["المنغنيز", "السيليكون", "الفسفور", "الكربون"],
            "helps": {
                "hint": "يحسن أيضًا المتانة وقابلية التصلب.",
                "remove2answers": ["السيليكون", "الفسفور"],
                "correctAnswer": "المنغنيز"
            },
            "category": "الشوائب"
        },
        {
            "question": "أي طور يمتلك أعلى صلابة؟",
            "correctAnswer": "السمنتيت",
            "allAnswers": ["السمنتيت", "الفيريت", "الأوستنيت", "البيرلايت"],
            "helps": {
                "hint": "وهو أيضًا الأكثر هشاشة.",
                "remove2answers": ["الفيريت", "البيرلايت"],
                "correctAnswer": "السمنتيت"
            },
            "category": "الخصائص"
        },
        {
            "question": "ما هي كثافة الفيريت؟",
            "correctAnswer": "7.88 جم/سم³",
            "allAnswers": ["7.88 جم/سم³", "6.67 جم/سم³", "8.5 جم/سم³", "7.5 جم/سم³"],
            "helps": {
                "hint": "أقل قليلًا من 8 جم/سم³.",
                "remove2answers": ["6.67 جم/سم³", "8.5 جم/سم³"],
                "correctAnswer": "7.88 جم/سم³"
            },
            "category": "الخصائص"
        },
        {
            "question": "ما هي نسبة الكربون في الفولاذ اليوتكتويدي؟",
            "correctAnswer": "0.83%",
            "allAnswers": ["0.83%", "2%", "4.3%", "0.25%"],
            "helps": {
                "hint": "تحدث عند 723°C.",
                "remove2answers": ["4.3%", "0.25%"],
                "correctAnswer": "0.83%"
            },
            "category": "محتوى الكربون"
        },
        {
            "question": "أي نوع من الفولاذ هو الأسهل في اللحام؟",
            "correctAnswer": "فولاذ منخفض الكربون",
            "allAnswers": ["فولاذ منخفض الكربون", "فولاذ متوسط الكربون", "فولاذ عالي الكربون", "حديد زهر"],
            "helps": {
                "hint": "هو أيضًا الأكثر ليونة.",
                "remove2answers": ["فولاذ عالي الكربون", "حديد زهر"],
                "correctAnswer": "فولاذ منخفض الكربون"
            },
            "category": "الخصائص"
        },
        {
            "question": "أي شوائب تزيد مقاومة الفولاذ للتآكل الجوي؟",
            "correctAnswer": "الفسفور",
            "allAnswers": ["الفسفور", "السيليكون", "المنغنيز", "الكبريت"],
            "helps": {
                "hint": "لكنها تجعله هشًا.",
                "remove2answers": ["السيليكون", "المنغنيز"],
                "correctAnswer": "الفسفور"
            },
            "category": "الشوائب"
        },
        {
            "question": "أي طور يحتوي أعلى نسبة كربون؟",
            "correctAnswer": "السمنتيت",
            "allAnswers": ["السمنتيت", "البيرلايت", "الأوستنيت", "الفيريت"],
            "helps": {
                "hint": "يسمى أيضًا كربيد الحديد.",
                "remove2answers": ["الأوستنيت", "الفيريت"],
                "correctAnswer": "السمنتيت"
            },
            "category": "الأطوار"
        }
    ],
    "level-3": [
        {
            "question": "ما هو التركيب البلوري الرئيسي للفريـت؟",
            "correctAnswer": "BCC",
            "allAnswers": ["BCC", "FCC", "HCP", "لا يوجد"],
            "helps": {
                "hint": "هي بنية مكعبة ذات مركز جسم.",
                "remove2answers": ["FCC", "HCP"],
                "correctAnswer": "BCC"
            },
            "category": "التركيب البلوري"
        },
        {
            "question": "ما هو التركيب البلوري الرئيسي للأوستنيت؟",
            "correctAnswer": "FCC",
            "allAnswers": ["FCC", "BCC", "HCP", "لا يوجد"],
            "helps": {
                "hint": "هي بنية مكعبة ذات أوجه مركزية.",
                "remove2answers": ["BCC", "HCP"],
                "correctAnswer": "FCC"
            },
            "category": "التركيب البلوري"
        },
        {
            "question": "عند أي درجة حرارة يبدأ الأوستنيت بالتشكل من الفريت؟",
            "correctAnswer": "910°C",
            "allAnswers": ["910°C", "723°C", "1148°C", "1535°C"],
            "helps": {
                "hint": "قبل الوصول إلى الانصهار.",
                "remove2answers": ["723°C", "1535°C"],
                "correctAnswer": "910°C"
            },
            "category": "تحول الأطوار"
        },
        {
            "question": "ما هي نسبة الكربون في تفاعل اليوتكتك في مخطط الحديد-الكربون؟",
            "correctAnswer": "4.3%",
            "allAnswers": ["4.3%", "0.83%", "2%", "6.7%"],
            "helps": {
                "hint": "يحدث عند التحول من سائل إلى صلب.",
                "remove2answers": ["0.83%", "2%"],
                "correctAnswer": "4.3%"
            },
            "category": "محتوى الكربون"
        },
        {
            "question": "أي طور ناعم، مطيل، وعالي المغناطيسية؟",
            "correctAnswer": "الفريت",
            "allAnswers": ["الفريت", "الأوستنيت", "السمنتيت", "البيرلايت"],
            "helps": {
                "hint": "يسمى أيضًا الحديد ألفا.",
                "remove2answers": ["الأوستنيت", "السمنتيت"],
                "correctAnswer": "الفريت"
            },
            "category": "الخصائص"
        },
        {
            "question": "أي نوع من الفولاذ يستخدم لعجلات وقضبان القطارات؟",
            "correctAnswer": "فولاذ متوسط الكربون",
            "allAnswers": ["فولاذ متوسط الكربون", "فولاذ منخفض الكربون", "فولاذ عالي الكربون", "حديد زهر"],
            "helps": {
                "hint": "أقوى من الفولاذ المنخفض لكن أقل مطيلية.",
                "remove2answers": ["فولاذ منخفض الكربون", "حديد زهر"],
                "correctAnswer": "فولاذ متوسط الكربون"
            },
            "category": "الاستخدامات"
        },
        {
            "question": "أي نوع من الفولاذ يستخدم لأدوات القطع والقوالب؟",
            "correctAnswer": "فولاذ عالي الكربون",
            "allAnswers": ["فولاذ عالي الكربون", "فولاذ متوسط الكربون", "فولاذ منخفض الكربون", "حديد زهر"],
            "helps": {
                "hint": "الأعلى صلابة.",
                "remove2answers": ["فولاذ منخفض الكربون", "حديد زهر"],
                "correctAnswer": "فولاذ عالي الكربون"
            },
            "category": "الاستخدامات"
        },
        {
            "question": "ما مدى محتوى الكربون في الحديد الزهر؟",
            "correctAnswer": "1.7% - 6.67%",
            "allAnswers": ["1.7% - 6.67%", "0.25% - 0.6%", "أقل من 0.25%", "0.55% - 1.4%"],
            "helps": {
                "hint": "أعلى من الفولاذ.",
                "remove2answers": ["0.25% - 0.6%", "أقل من 0.25%"],
                "correctAnswer": "1.7% - 6.67%"
            },
            "category": "محتوى الكربون"
        },
        {
            "question": "أي شوائب تضاف لتحسين قابلية التشغيل فقط؟",
            "correctAnswer": "الكبريت",
            "allAnswers": ["الكبريت", "الفسفور", "المنغنيز", "السيليكون"],
            "helps": {
                "hint": "يتحول إلى كبريتيد المنغنيز.",
                "remove2answers": ["الفسفور", "السيليكون"],
                "correctAnswer": "الكبريت"
            },
            "category": "الشوائب"
        },
        {
            "question": "أي طور يتكون من التفاعل اليوتكتويدي عند 723°C؟",
            "correctAnswer": "البيرلايت",
            "allAnswers": ["البيرلايت", "الفريت", "السمنتيت", "دلتا فيريت"],
            "helps": {
                "hint": "يتكون من الفريت والسمنتيت.",
                "remove2answers": ["الفريت", "دلتا فيريت"],
                "correctAnswer": "البيرلايت"
            },
            "category": "الأطوار"
        },
        {
            "question": "أي نوع من الفولاذ هو الأقل صلابة؟",
            "correctAnswer": "فولاذ منخفض الكربون",
            "allAnswers": ["فولاذ منخفض الكربون", "فولاذ متوسط الكربون", "فولاذ عالي الكربون", "حديد زهر"],
            "helps": {
                "hint": "هو الأكثر مطيلية أيضًا.",
                "remove2answers": ["فولاذ عالي الكربون", "حديد زهر"],
                "correctAnswer": "فولاذ منخفض الكربون"
            },
            "category": "الخصائص"
        },
        {
            "question": "ما هي أقصى ذوبانية للكربون في دلتا فيريت؟",
            "correctAnswer": "0.09%",
            "allAnswers": ["0.09%", "0.03%", "0.8%", "2.11%"],
            "helps": {
                "hint": "يوجد عند درجات حرارة عالية.",
                "remove2answers": ["0.03%", "2.11%"],
                "correctAnswer": "0.09%"
            },
            "category": "ذوبان الكربون"
        },
        {
            "question": "أي طور يكون مغناطيسيًا تحت درجة كوري 769°C؟",
            "correctAnswer": "الفريت",
            "allAnswers": ["الفريت", "الأوستنيت", "السمنتيت", "البيرلايت"],
            "helps": {
                "hint": "لين ومطيل.",
                "remove2answers": ["الأوستنيت", "السمنتيت"],
                "correctAnswer": "الفريت"
            },
            "category": "الخصائص"
        },
        {
            "question": "أي سلسلة فولاذية تشمل الفولاذ المعالج بالكبريت؟",
            "correctAnswer": "11xx",
            "allAnswers": ["11xx", "10xx", "12xx", "20xx"],
            "helps": {
                "hint": "أعلى من 10xx بدرجة.",
                "remove2answers": ["10xx", "20xx"],
                "correctAnswer": "11xx"
            },
            "category": "التصنيف"
        },
        {
            "question": "أي شوائب ترفع نقطة الخضوع لكنها تقلل المتانة؟",
            "correctAnswer": "الفسفور",
            "allAnswers": ["الفسفور", "الكبريت", "المنغنيز", "السيليكون"],
            "helps": {
                "hint": "تحسن مقاومة التآكل.",
                "remove2answers": ["الكبريت", "المنغنيز"],
                "correctAnswer": "الفسفور"
            },
            "category": "الشوائب"
        }
    ],
    "level-4": [
        {
            "question": "أي عنصر يضاف للفولاذ ليعمل كمزيل للأكسدة؟",
            "correctAnswer": "المنغنيز",
            "allAnswers": ["المنغنيز", "الفسفور", "الكبريت", "الكربون"],
            "helps": {
                "hint": "يحسن أيضًا المتانة.",
                "remove2answers": ["الفسفور", "الكبريت"],
                "correctAnswer": "المنغنيز"
            },
            "category": "الشوائب"
        },
        {
            "question": "ما هو التركيب البلوري لدلتا فيريت؟",
            "correctAnswer": "BCC",
            "allAnswers": ["BCC", "FCC", "HCP", "لا يوجد"],
            "helps": {
                "hint": "مثل فيريت ألفا.",
                "remove2answers": ["FCC", "HCP"],
                "correctAnswer": "BCC"
            },
            "category": "التركيب البلوري"
        },
        {
            "question": "أي طور يوجد بين 910°C و1390°C في الحديد النقي؟",
            "correctAnswer": "الأوستنيت",
            "allAnswers": ["الأوستنيت", "الفيريت", "السمنتيت", "دلتا فيريت"],
            "helps": {
                "hint": "له تركيب FCC.",
                "remove2answers": ["الفيريت", "السمنتيت"],
                "correctAnswer": "الأوستنيت"
            },
            "category": "الأطوار"
        },
        {
            "question": "أي نوع من الفولاذ يستخدم في عمود المرفق والتروس؟",
            "correctAnswer": "فولاذ متوسط الكربون",
            "allAnswers": ["فولاذ متوسط الكربون", "فولاذ منخفض الكربون", "فولاذ عالي الكربون", "حديد زهر"],
            "helps": {
                "hint": "أقوى من الفولاذ المنخفض الكربون.",
                "remove2answers": ["فولاذ منخفض الكربون", "حديد زهر"],
                "correctAnswer": "فولاذ متوسط الكربون"
            },
            "category": "الاستخدامات"
        },
        {
            "question": "ما هي أقصى ذوبانية للكربون في فيريت ألفا؟",
            "correctAnswer": "0.03%",
            "allAnswers": ["0.03%", "0.09%", "0.8%", "2.11%"],
            "helps": {
                "hint": "منخفضة جدًا.",
                "remove2answers": ["0.8%", "2.11%"],
                "correctAnswer": "0.03%"
            },
            "category": "ذوبان الكربون"
        },
        {
            "question": "أي طور يحتوي 6.7% كربون؟",
            "correctAnswer": "السمنتيت",
            "allAnswers": ["السمنتيت", "الفيريت", "الأوستنيت", "البيرلايت"],
            "helps": {
                "hint": "يعرف أيضًا بكربيد الحديد.",
                "remove2answers": ["الفيريت", "البيرلايت"],
                "correctAnswer": "السمنتيت"
            },
            "category": "الأطوار"
        },
        {
            "question": "أي نوع من الفولاذ هو الأكثر مقاومة للتآكل الميكانيكي؟",
            "correctAnswer": "فولاذ عالي الكربون",
            "allAnswers": ["فولاذ عالي الكربون", "فولاذ متوسط الكربون", "فولاذ منخفض الكربون", "حديد زهر"],
            "helps": {
                "hint": "يتم تقويته وتخميره.",
                "remove2answers": ["فولاذ منخفض الكربون", "حديد زهر"],
                "correctAnswer": "فولاذ عالي الكربون"
            },
            "category": "الخصائص"
        },
        {
            "question": "أي عنصر يضاف لمنع الفولاذ من أن يصبح مساميًا؟",
            "correctAnswer": "السيليكون",
            "allAnswers": ["السيليكون", "الكبريت", "المنغنيز", "الفسفور"],
            "helps": {
                "hint": "يجعل الفولاذ أكثر متانة.",
                "remove2answers": ["الكبريت", "الفسفور"],
                "correctAnswer": "السيليكون"
            },
            "category": "الشوائب"
        },
        {
            "question": "ما هي نسبة الكربون في الفولاذ اليوتكتويدي؟",
            "correctAnswer": "0.83%",
            "allAnswers": ["0.83%", "0.25%", "2%", "4.3%"],
            "helps": {
                "hint": "تحدث عند 723°C.",
                "remove2answers": ["0.25%", "4.3%"],
                "correctAnswer": "0.83%"
            },
            "category": "محتوى الكربون"
        },
        {
            "question": "أي طور لين ومطيل ويستخدم في الفولاذ منخفض الكربون؟",
            "correctAnswer": "الفيريت",
            "allAnswers": ["الفيريت", "الأوستنيت", "السمنتيت", "البيرلايت"],
            "helps": {
                "hint": "يسمى أيضًا الحديد ألفا.",
                "remove2answers": ["الأوستنيت", "السمنتيت"],
                "correctAnswer": "الفيريت"
            },
            "category": "الخصائص"
        },
        {
            "question": "أي نوع من الفولاذ هو الأرخص إنتاجًا؟",
            "correctAnswer": "فولاذ منخفض الكربون",
            "allAnswers": ["فولاذ منخفض الكربون", "فولاذ متوسط الكربون", "فولاذ عالي الكربون", "حديد زهر"],
            "helps": {
                "hint": "يستخدم في المنتجات بكميات كبيرة.",
                "remove2answers": ["فولاذ عالي الكربون", "حديد زهر"],
                "correctAnswer": "فولاذ منخفض الكربون"
            },
            "category": "الخصائص"
        },
        {
            "question": "أي طور مستقر فقط عند درجات الحرارة العالية في الحديد النقي؟",
            "correctAnswer": "دلتا فيريت",
            "allAnswers": ["دلتا فيريت", "أوستنيت جاما", "فيريت ألفا", "سمنتيت"],
            "helps": {
                "hint": "له تركيب BCC.",
                "remove2answers": ["فيريت ألفا", "سمنتيت"],
                "correctAnswer": "دلتا فيريت"
            },
            "category": "الأطوار"
        },
        {
            "question": "ما هي الميزة الرئيسية للبـيرلايت؟",
            "correctAnswer": "خصائص ميكانيكية جيدة",
            "allAnswers": ["خصائص ميكانيكية جيدة", "محتوى كربون عالي", "غير مغناطيسي", "لين جدًا"],
            "helps": {
                "hint": "يتكون من الفيريت والسمنتيت.",
                "remove2answers": ["محتوى كربون عالي", "لين جدًا"],
                "correctAnswer": "خصائص ميكانيكية جيدة"
            },
            "category": "الخصائص"
        },
        {
            "question": "أي نوع من الفولاذ يستخدم في صناعة البراغي والصواميل؟",
            "correctAnswer": "فولاذ منخفض الكربون",
            "allAnswers": ["فولاذ منخفض الكربون", "فولاذ متوسط الكربون", "فولاذ عالي الكربون", "حديد زهر"],
            "helps": {
                "hint": "يعرف أيضًا بالفولاذ الطري.",
                "remove2answers": ["فولاذ متوسط الكربون", "حديد زهر"],
                "correctAnswer": "فولاذ منخفض الكربون"
            },
            "category": "الاستخدامات"
        },
        {
            "question": "أي عنصر يحسن مقاومة الخضوع وقابلية التصلب للفولاذ؟",
            "correctAnswer": "المنغنيز",
            "allAnswers": ["المنغنيز", "الفسفور", "السيليكون", "الكبريت"],
            "helps": {
                "hint": "كما يساهم في تنقية الفولاذ.",
                "remove2answers": ["الفسفور", "الكبريت"],
                "correctAnswer": "المنغنيز"
            },
            "category": "الشوائب"
        }
    ],
    "level-5": [
        {
            "question": "أي نوع من الفولاذ يستخدم غالبًا في البناء؟",
            "correctAnswer": "فولاذ منخفض الكربون",
            "allAnswers": ["فولاذ منخفض الكربون", "فولاذ متوسط الكربون", "فولاذ عالي الكربون", "حديد زهر"],
            "helps": {
                "hint": "يعرف أيضًا بالفولاذ الطري.",
                "remove2answers": ["فولاذ متوسط الكربون", "حديد زهر"],
                "correctAnswer": "فولاذ منخفض الكربون"
            },
            "category": "الاستخدامات"
        },
        {
            "question": "أي طور هو الأقسى في الفولاذ الكربوني البسيط؟",
            "correctAnswer": "السمنتيت",
            "allAnswers": ["السمنتيت", "الفيريت", "الأوستنيت", "البيرلايت"],
            "helps": {
                "hint": "يحتوي على 6.7% كربون.",
                "remove2answers": ["الفيريت", "البيرلايت"],
                "correctAnswer": "السمنتيت"
            },
            "category": "الخصائص"
        },
        {
            "question": "ما هي درجة حرارة اليوتكتويد في مخطط الحديد-الكربون؟",
            "correctAnswer": "723°C",
            "allAnswers": ["723°C", "910°C", "1390°C", "1538°C"],
            "helps": {
                "hint": "تحت هذه الدرجة يتكون البيرلايت.",
                "remove2answers": ["910°C", "1390°C"],
                "correctAnswer": "723°C"
            },
            "category": "مخطط الأطوار"
        },
        {
            "question": "أي عنصر يضاف للفولاذ لزيادة مقاومة التآكل؟",
            "correctAnswer": "الفسفور",
            "allAnswers": ["الفسفور", "الكبريت", "المنغنيز", "الكربون"],
            "helps": {
                "hint": "زيادته كثيرًا يجعل الفولاذ هشًا.",
                "remove2answers": ["الكبريت", "الكربون"],
                "correctAnswer": "الفسفور"
            },
            "category": "الشوائب"
        },
        {
            "question": "أي طور له تركيب طبقي من الفيريت والسمنتيت؟",
            "correctAnswer": "البيرلايت",
            "allAnswers": ["البيرلايت", "الفيريت", "السمنتيت", "الأوستنيت"],
            "helps": {
                "hint": "يتكون عند تركيب اليوتكتويد.",
                "remove2answers": ["الفيريت", "الأوستنيت"],
                "correctAnswer": "البيرلايت"
            },
            "category": "الأطوار"
        },
        {
            "question": "أي نوع من الفولاذ يحتوي على 0.25%–0.6% كربون؟",
            "correctAnswer": "فولاذ متوسط الكربون",
            "allAnswers": ["فولاذ متوسط الكربون", "فولاذ منخفض الكربون", "فولاذ عالي الكربون", "حديد زهر"],
            "helps": {
                "hint": "يستخدم في القضبان والمحاور.",
                "remove2answers": ["فولاذ منخفض الكربون", "حديد زهر"],
                "correctAnswer": "فولاذ متوسط الكربون"
            },
            "category": "محتوى الكربون"
        },
        {
            "question": "أي طور يوجد فقط فوق 1390°C في الحديد النقي؟",
            "correctAnswer": "دلتا فيريت",
            "allAnswers": ["دلتا فيريت", "الأوستنيت", "الفيريت", "السمنتيت"],
            "helps": {
                "hint": "له تركيب BCC.",
                "remove2answers": ["الفيريت", "السمنتيت"],
                "correctAnswer": "دلتا فيريت"
            },
            "category": "الأطوار"
        },
        {
            "question": "أي عنصر يسبب هشاشة ساخنة في الفولاذ؟",
            "correctAnswer": "الكبريت",
            "allAnswers": ["الكبريت", "الفسفور", "المنغنيز", "السيليكون"],
            "helps": {
                "hint": "يتم إضافة المنغنيز لتقليل أثره.",
                "remove2answers": ["الفسفور", "السيليكون"],
                "correctAnswer": "الكبريت"
            },
            "category": "الشوائب"
        },
        {
            "question": "أي نوع من الفولاذ يستخدم لصناعة أدوات القطع؟",
            "correctAnswer": "فولاذ عالي الكربون",
            "allAnswers": ["فولاذ عالي الكربون", "فولاذ متوسط الكربون", "فولاذ منخفض الكربون", "حديد زهر"],
            "helps": {
                "hint": "يصبح شديد الصلابة بعد المعالجة الحرارية.",
                "remove2answers": ["فولاذ منخفض الكربون", "حديد زهر"],
                "correctAnswer": "فولاذ عالي الكربون"
            },
            "category": "الاستخدامات"
        },
        {
            "question": "أي طور غير مغناطيسي في درجة حرارة الغرفة؟",
            "correctAnswer": "الأوستنيت",
            "allAnswers": ["الأوستنيت", "الفيريت", "السمنتيت", "البيرلايت"],
            "helps": {
                "hint": "يكون مستقرًا في درجات الحرارة العالية.",
                "remove2answers": ["الفيريت", "السمنتيت"],
                "correctAnswer": "الأوستنيت"
            },
            "category": "الخصائص"
        },
        {
            "question": "ما هي درجة انصهار الحديد النقي؟",
            "correctAnswer": "1538°C",
            "allAnswers": ["1538°C", "1390°C", "910°C", "723°C"],
            "helps": {
                "hint": "أعلى من جميع درجات التحول.",
                "remove2answers": ["1390°C", "910°C"],
                "correctAnswer": "1538°C"
            },
            "category": "الخصائص الفيزيائية"
        },
        {
            "question": "أي طور لين ومطيل وله ذوبانية منخفضة جدًا للكربون؟",
            "correctAnswer": "الفيريت",
            "allAnswers": ["الفيريت", "الأوستنيت", "السمنتيت", "البيرلايت"],
            "helps": {
                "hint": "يعرف أيضًا بالحديد ألفا.",
                "remove2answers": ["الأوستنيت", "السمنتيت"],
                "correctAnswer": "الفيريت"
            },
            "category": "الخصائص"
        },
        {
            "question": "أي نوع من الفولاذ يستخدم في قضبان السكك الحديدية؟",
            "correctAnswer": "فولاذ متوسط الكربون",
            "allAnswers": ["فولاذ متوسط الكربون", "فولاذ منخفض الكربون", "فولاذ عالي الكربون", "حديد زهر"],
            "helps": {
                "hint": "يجمع بين القوة والمتانة.",
                "remove2answers": ["فولاذ منخفض الكربون", "حديد زهر"],
                "correctAnswer": "فولاذ متوسط الكربون"
            },
            "category": "الاستخدامات"
        },
        {
            "question": "أي طور يتكون عند تبريد الأوستنيت أسفل 723°C بتركيب اليوتكتويد؟",
            "correctAnswer": "البيرلايت",
            "allAnswers": ["البيرلايت", "الفيريت", "السمنتيت", "دلتا فيريت"],
            "helps": {
                "hint": "مزيج من طورين.",
                "remove2answers": ["الفيريت", "دلتا فيريت"],
                "correctAnswer": "البيرلايت"
            },
            "category": "الأطوار"
        },
        {
            "question": "أي عنصر يحسن المتانة ويعمل كمزيل للأكسدة؟",
            "correctAnswer": "المنغنيز",
            "allAnswers": ["المنغنيز", "الفسفور", "الكبريت", "السيليكون"],
            "helps": {
                "hint": "من أكثر العناصر السبائكية شيوعًا في الفولاذ.",
                "remove2answers": ["الفسفور", "الكبريت"],
                "correctAnswer": "المنغنيز"
            },
            "category": "الشوائب"
        }
    ]
}